{
  "BTC": 0.000002,
  "ETH": 0.000005
}